p1,-0.15572022491190837,0.9473308567521693,1
p2,1.3121481905684607,-0.44420867214396365,2
p3,0.04256807053015506,0.34754881977426766,2
p4,0.7426117471865515,0.7513742069830349,1
p5,0.6821554467261502,0.864619783463239,1
p6,0.1322320430052374,1.0852628600386445,1
p7,0.00213185121603748,0.5042249075303862,2
p8,-0.07843302170556711,0.9495322309527349,1
p9,1.0487502466229546,-0.4530412989779659,2
p10,-0.9758552076800042,0.045070136969486266,1
p11,0.46282597794709524,-0.34377830526570274,2
p12,0.017789476025406047,0.2878806348737929,2
p13,-0.3875808486139342,0.9023075043526375,1
p14,-0.9163004652035938,0.4139601290792705,1
p15,1.822061341455082,-0.10069978866734754,2
p16,-0.9952281323757439,0.14298844994160842,1
p17,0.7515486329784711,-0.47153578299451043,2
p18,0.4538667306606201,-0.3534960407969897,2
p19,2.017780874667663,0.42379972297705637,2
p20,-0.9385371012585726,0.4021010450606703,1
p21,-0.32491066195180707,0.9843952029665217,1
p22,0.10250048157678907,-0.018938645168269205,2
p23,0.09037527650879239,-0.0789881045978646,2
p24,1.6012948652492975,-0.2682917276430688,2
p25,0.4901888313273944,-0.34260382270197826,2
p26,0.7196420305551509,0.7876374660160885,1
p27,0.951696886250712,-0.005773547946672543,1
p28,1.430712885310204,-0.38199353681931875,2
p29,0.13028082628896667,-0.06298239854636319,2
p30,1.6612641085946926,-0.18822641187162442,2
p31,0.5760009391423959,0.8319191251568727,1
p32,1.7702162651314635,-0.07862563730236924,2
p33,-0.5717805819584995,0.8104920587261755,1
p34,0.9636025561838817,0.22080774943140408,1
p35,-0.9453714655843013,0.4858273105575995,1
p36,0.4291816827597597,0.8585437580931196,1
p37,0.7592333916560967,0.6989896422521464,1
p38,-0.9058152842565617,0.672652000888698,1
p39,1.4906825545414153,-0.34822365413369,2
p40,0.43572235388404235,-0.41704614287605085,2
p41,0.5270166323000863,0.929772492245987,1
p42,-0.8641479338724104,0.4021470248364123,1
p43,-0.9591673642859962,0.4260371129311819,1
p44,0.23436632385924605,-0.1374810043418746,2
p45,-0.01739308328924316,0.21268130204854144,2
p46,-0.8318074344675647,0.5790346106990963,1
p47,0.43587057334415646,-0.2664758899864635,2
p48,1.3713039758132324,-0.45755297482383317,2
p49,0.9142650521125215,0.442628272572245,1
p50,1.5824863880639373,-0.23568277062738857,2
p51,1.0968331471454482,-0.48194235064645213,2
p52,1.188969277688167,-0.5321107433826929,2
p53,1.9138654838990001,0.08851158938267177,2
p54,0.4820617999945597,0.8452656981814409,1
p55,1.2366789908356401,-0.4863618271192188,2
p56,-1.0401137322927132,0.03461794743102628,1
p57,-0.63215430620248,0.8060317704995227,1
p58,0.8805719806522305,0.3846877600871513,1
p59,0.40954065274041795,0.8746985504587237,1
p60,-0.44820526308602576,0.7589786006573479,1
p61,-0.3398376222777652,0.963446613537547,1
p62,1.4953848762841024,-0.3702185614781226,2
p63,1.5198351773787473,-0.32155931871396387,2
p64,0.5744192350196333,-0.39802317596116255,2
p65,-0.3006604712145405,0.9274289735210896,1
p66,1.047576492275597,-0.07386414872602932,1
p67,1.6340490014908504,-0.3377945242986661,2
p68,-0.2924067220956991,1.0130128048824574,1
p69,-0.19193450215323174,0.8728511506462726,1
p70,1.0813619372041916,-0.5392725049437693,2
p71,-0.008768689532453675,0.3339419254410228,2
p72,-0.6147026273440632,0.7969781785867346,1
p73,0.8399242976508932,-0.4819210588060934,2
p74,1.046171531498827,-0.4630017280033617,2
p75,0.8952573317976172,0.41820364283276507,1
p76,0.3984299213750705,0.9017618804652829,1
p77,2.0288018699344263,0.33141151549702474,2
p78,1.7636781854475219,-0.1949712457897217,2
p79,0.3537368907423528,0.7880042757855897,1
p80,0.19309955175075427,-0.3117104358470443,2
p81,0.9116405392183876,0.4597129080177244,1
p82,0.7622138624902327,-0.41076460354426114,2
p83,0.021564832574845882,0.45088784872026333,2
p84,1.032754713719092,0.5237323695772991,1
p85,-0.5992469214695374,0.760686102416656,1
p86,0.038763154638323714,0.39111169537085544,2
p87,1.549069074634239,-0.31740469320743314,2
p88,0.09522631486791107,0.9755866313520135,1
p89,-0.7620213343596483,0.5677152634251641,1
p90,0.5071572718624232,-0.29247707744454926,2
p91,0.07442175987268967,0.26406518221581377,2
p92,-0.03942805485640765,0.5816920537576316,2
p93,0.5749152954353289,-0.37214528377693773,2
p94,-0.869753876231701,0.3675423615702752,1
p95,-0.032830725775390215,0.37620625733703417,2
p96,2.0164344474485874,0.4481779520271535,2
p97,0.011823434946201257,1.0068297341390733,1
p98,-1.014378582092476,0.39685961700224764,1
p99,0.8662207703892698,0.5058526255375441,1
p100,-0.5997579328566323,0.8343992996076075,1
p101,-1.014461035024078,0.13710283558672418,1
p102,-0.750925832000224,0.8488148708540861,1
p103,1.0025779686947016,0.21404251934816715,1
p104,-0.03141522520926781,0.32110702462121044,2
p105,0.441805196463101,-0.35562896166587615,2
p106,0.13107816593129307,1.0915440309265436,1
p107,1.9840161656124058,0.44150776869307007,2
p108,2.013679574702489,0.13710434077757042,2
p109,1.8733923877019159,0.27335927984988173,2
p110,0.943833355046138,0.4092895570625885,1
p111,-0.7118023851289138,0.6852632464105775,1
p112,-1.0963852480632943,0.15654836546189538,1
p113,1.2141182058983608,-0.518857977098913,2
p114,0.9759337638577985,0.043771962738172535,1
p115,-0.161871154300114,1.0174805866316032,1
p116,0.20663475835800407,0.029470159482046884,2
p117,1.7205412672878229,-0.2418094027843205,2
p118,1.7123241864302583,-0.2304749205712508,2
p119,-0.7760085300505468,0.6054419535805753,1
p120,0.8589797106962886,-0.5566139094618456,2
p121,-0.023522431256618043,0.35362638172057503,2
p122,1.935324011665645,0.19690835385968802,2
p123,0.9364547018380054,-0.47740639004846946,2
p124,-0.5793693385395907,0.9693014004309258,1
p125,1.3852482459608615,-0.5236280124449936,2
p126,0.017708898596214946,0.3874698740546046,2
p127,0.31902849013541645,0.9556191957670717,1
p128,-0.994529101990607,0.07546019974287596,1
p129,0.9298419214131902,0.42532772426928156,1
p130,0.44598806321964773,-0.3374369048714177,2
p131,0.8522678060805096,-0.542298597461863,2
p132,-0.09555435883277386,0.9981049322696383,1
p133,-1.0395419810634114,0.15979369318618558,1
p134,0.11305398195991817,0.09169503796748746,2
p135,1.286125625570759,-0.3930171659785071,2
p136,1.6309121200920682,-0.20848843447894644,2
p137,1.8274068357080535,-0.1308450318182056,2
p138,0.3544976478068352,0.9276859539395802,1
p139,1.844660964959234,-0.08760358263284415,2
p140,0.19772284817270008,0.9650550125878362,1
p141,-0.9449054687781852,0.31632488627154276,1
p142,-0.7845011194238636,0.6132746800828652,1
p143,0.4422479110988081,-0.3196550794230777,2
p144,-0.923608821438922,0.10486740834925876,1
p145,-0.299288289113046,0.9124417539536144,1
p146,1.7305695970241226,-0.08215669710196419,2
p147,0.9762501878844428,0.3803205199185068,1
p148,0.4999483632416816,0.8273630806640765,1
p149,1.5512609360946419,-0.41758053426849734,2
p150,0.7849078235516233,0.6069423134475413,1
p151,-0.4414760584948612,0.84345292533712,1
p152,0.617949425391802,0.8624913788543681,1
p153,1.4085335586589027,-0.43209341623939374,2
p154,0.10120355302860504,1.038122477802901,1
p155,1.9604830987678685,0.3348002466486491,2
p156,0.9529082844493469,0.5221915611318328,1
p157,0.04196301369603327,0.9215103291830428,1
p158,0.6224371325495189,0.7338802305673607,1
p159,-0.8894476752297548,0.545259938897758,1
p160,0.8635231688428762,0.6863939026120301,1
p161,0.35180264120275545,0.9864071060732028,1
p162,1.3534641134923615,-0.44969813999053254,2
p163,0.2565240824501654,0.9487695539330081,1
p164,1.9863827346316874,0.15320383193650253,2
p165,-0.9358192466213936,0.408068698013496,1
p166,1.873641180113001,0.0527413803488574,2
p167,1.8184340376203953,-0.10522525266837768,2
p168,0.12400973155707233,0.25816004303347606,2
p169,-0.6183398473654698,0.8440468826013658,1
p170,0.6880698148419544,-0.5316269618643457,2
p171,1.9512873331986955,0.08204067985167283,2
p172,-0.8865312093713158,0.40727194377271475,1
p173,1.8324624825213607,-0.2657743586434044,2
p174,0.33062797718294473,0.9988855988133223,1
p175,1.792389646737954,-0.2679540209829649,2
p176,-0.37817266613825595,0.9498424623774206,1
p177,0.48027499112205163,-0.36382820773854396,2
p178,1.4876943052222202,-0.3152074680196134,2
p179,1.9798490168086063,0.18586911685432472,2
p180,-0.1572371997593695,1.0492786110404655,1
p181,1.5477278122339426,-0.20679941919566838,2
p182,1.9099572202788642,0.03545671276137012,2
p183,0.920170738752204,0.45024842606377075,1
p184,0.022221854779688126,0.5487805926458008,2
p185,0.5432045077251939,0.8586484808765764,1
p186,1.2117990420710754,-0.47134770935793285,2
p187,-0.720218350595309,0.7621602847010844,1
p188,1.773765772372777,-0.20752280358819594,2
p189,1.903000294833065,0.1470313442091804,2
p190,0.1332232177404886,0.9454852581891775,1
p191,0.8885991937472432,-0.549303263042373,2
p192,0.7412301301726176,-0.4981350691835996,2
p193,-0.9852009003429568,0.22975589515003975,1
p194,1.9435210992182435,0.4426246039273718,2
p195,1.1896055293125454,-0.4617403866596813,2
p196,0.5138331232663089,-0.4770655649721905,2
p197,-0.9462481772661547,0.18948239724841898,1
p198,0.5525735534874592,-0.5033157560543113,2
p199,-0.09970375453994398,1.0236897029396284,1
p200,-0.0490720838636383,1.078931316285639,1
p201,0.47916290502154857,0.8743831148801694,1
p202,-0.8106337885202964,0.5754602425078974,1
p203,1.7210607400560518,-0.3048168576628958,2
p204,2.055094597854349,0.4137316868745506,2
p205,1.286372534968135,-0.5400751123732945,2
p206,-0.6966230277526272,0.7241477569842004,1
p207,-0.39980553465692353,0.9093986322104209,1
p208,-1.0629080964608628,0.11515233504398537,1
p209,0.9208741582650386,-0.49899665464656573,2
p210,0.3103283471171536,-0.24516277354397364,2
p211,-0.6480439964726663,0.7319009733114116,1
p212,-0.9377149269123807,0.08055472530470284,1
p213,-0.633973544562009,0.788008159048243,1
p214,1.4060215695443206,-0.4148273855009996,2
p215,1.0262511713960676,0.23864669480070802,1
p216,0.8045530477258794,0.4875952073245241,1
p217,0.036189859709822074,0.4390027333163255,2
p218,1.319212441807411,-0.49565632555984485,2
p219,-0.8263711415226048,0.3892733619806937,1
p220,-1.0519508601644578,0.31726223567228873,1
p221,1.9800362756201795,0.525066230880373,2
p222,1.9430705452714783,0.1668953221121105,2
p223,0.9386117921537965,0.1405655976376502,1
p224,-0.5051626363470959,0.9760656615466505,1
p225,1.8411190499448036,0.3285458810368675,2
p226,0.14530292186453614,0.004948367555729994,2
p227,-0.39749052968362747,0.7807333898961927,1
p228,0.23633175839021356,-0.261267968717355,2
p229,-0.9914551430486284,0.15386322941500097,1
p230,1.946939101703848,0.4708388581573243,2
p231,-0.021672366773176466,0.5585664329952658,2
p232,0.6023355788076579,-0.3525645940789679,2
p233,0.6369362605375971,-0.44392582380687634,2
p234,0.4101969140044848,-0.30489040690609964,2
p235,-0.0037866984519798197,0.12760220350066598,2
p236,-0.31953019322447984,0.9576266581474033,1
p237,1.2732927839621542,-0.4226552541007143,2
p238,0.2986722156202706,0.9121904776083376,1
p239,1.0141514771621258,0.33067419144488674,1
p240,1.5124509879583123,-0.41773442506319786,2
p241,-0.8639020214091728,0.4801489072296773,1
p242,1.820746610748382,0.005371528742356427,2
p243,0.6974388622079943,0.6659784287053052,1
p244,0.23791819398590688,-0.10810871977046055,2
p245,0.8698076544819355,-0.37145380133180805,2
p246,0.8675978292071338,0.3157887894014596,1
p247,0.4464089421101353,-0.38111814537066263,2
p248,0.37842268180044786,0.9389773321049595,1
p249,1.5346610921240214,-0.4224026095966577,2
p250,0.6815988597400147,0.8417868079767833,1
p251,1.76657564010024,0.036751636723318354,2
p252,-0.5487012332172954,0.861267569265026,1
p253,-1.0051358941441284,0.39351404581044924,1
p254,1.9524300954943639,0.09162365332882506,2
p255,1.8642543821722601,0.2922103327596063,2
p256,0.8561613834670891,-0.5318822913619591,2
p257,2.041061686882995,0.452255588567411,2
p258,0.06447746403291425,0.21690414693508667,2
p259,0.5979365270508392,0.8402307649042992,1
p260,1.1062927269497826,-0.4799544378145372,2
p261,-0.6331718655508372,0.6893258436789488,1
p262,-1.0029680217625014,0.45500796607857374,1
p263,-0.9606098998573686,0.17830982268573953,1
p264,0.18108596156829604,-0.022136789262016565,2
p265,-0.06840261826719135,0.22569147985619503,2
p266,1.756941876603779,-0.15777515334717465,2
p267,1.7587173540011707,-0.12044877569559179,2
p268,-0.9769353244435678,0.09025437728652937,1
p269,1.4615004133472242,-0.31583521198613157,2
p270,-0.6613856374533504,0.8260068463840591,1
p271,1.9454929539743484,0.22872793683126302,2
p272,1.9340761897362886,0.10576644241473727,2
p273,0.4001553606224973,-0.2532739590636819,2
p274,-0.8254804665855338,0.4967077704283842,1
p275,1.8845169488493012,0.16209966201272583,2
p276,0.03204205989595466,0.4377075162624878,2
p277,1.1219000379438138,-0.40707887332741416,2
p278,2.0024700050013524,0.470868650913512,2
p279,1.7601150912750636,-0.17714688899576952,2
p280,-0.881233214959962,0.5450044367214533,1
p281,0.7216259280945692,0.5934092628886939,1
p282,-0.8231467453323997,0.3068062709570233,1
p283,1.4675698165461997,-0.3684251785486013,2
p284,-0.6831278185253372,0.7334898311791856,1
p285,1.7847264808530097,-0.043785327518914785,2
p286,1.035506916096464,0.24463989922276852,1
p287,0.8860530982765733,0.3843430344581828,1
p288,0.6991846378827538,0.7393991064724927,1
p289,1.960419242484527,0.4442770169601092,2
p290,0.08916071806865244,0.2115799640516539,2
p291,1.0472007492380293,0.05814839555278235,1
p292,0.996231810528545,0.016294809889243683,1
p293,-0.25646004919780796,0.8935952637891782,1
p294,-0.9928430948815965,0.3485612680473567,1
p295,0.5260680874081176,0.859025417360222,1
p296,1.0338778577276635,-0.478111606394438,2
p297,-0.0048621701683590896,-0.0011760334541097012,2
p298,0.0947464115248087,0.009353816960858529,2
p299,0.9540586662039723,0.3828698050329705,1
p300,-0.2291298801338209,0.9854211923986828,1
p301,0.8378456563096502,-0.4571282090572699,2
p302,0.23657564564607247,-0.13948079474330705,2
p303,-0.45362078639627434,0.9587104255046733,1
p304,-0.8049098750890169,0.6114517105510187,1
p305,0.8516012379706146,-0.45982739516280025,2
p306,0.957882995517519,0.21903127713102755,1
p307,1.1673647209433502,-0.5229896265193898,2
p308,0.9435252691497752,0.44557100390204674,1
p309,1.013568056651297,-0.008185360683516038,1
p310,1.8937919848043454,0.2832098415462497,2
p311,0.42446205139498583,0.9309187842736079,1
p312,0.31238703710767596,0.8640528705066535,1
p313,0.9405501347149439,0.36398315861810027,1
p314,-0.8478113357029279,0.5065904069553746,1
p315,-0.07479363621255915,1.0489395619273025,1
p316,0.16710759473173842,0.9760360521821247,1
p317,2.0083077774165856,0.35176106553206327,2
p318,-0.0831544724766978,0.9621022484608135,1
p319,-0.12142862074428595,1.0604108043636826,1
p320,-0.1958278745186765,0.9888289858312094,1
p321,0.07202146059221957,0.09243572165356406,2
p322,0.013757263157396143,1.0068080772160457,1
p323,0.9546241010553691,-0.023674508632692236,1
p324,0.025718809082453782,0.183607451928806,2
p325,0.1179710003560357,0.28566694857534464,2
p326,1.4464402481502148,-0.38982132320946966,2
p327,0.29464727637870664,-0.3210662278202786,2
p328,0.3103736438563013,0.8722759322917242,1
p329,1.5167668847294176,-0.28244652082248484,2
p330,1.566658124089339,-0.29755346489132384,2
p331,1.9607184727975349,0.23504112424201032,2
p332,0.7924378149440183,0.6042784906534608,1
p333,0.5942752508036631,-0.47276963026170277,2
p334,1.7230403812909145,-0.14080717676749457,2
p335,0.6385648705821543,0.7001311160363246,1
p336,-0.2832368510433271,0.9698929219107995,1
p337,0.2344999569182129,-0.08321203881306707,2
p338,0.6762007343859916,-0.4805353066106424,2
p339,0.7186957639733665,-0.4900489412025328,2
p340,-0.7663165997906654,0.5632737837194541,1
p341,-0.6974743714271612,0.8007542081325734,1
p342,0.797308897414218,-0.5424655184075458,2
p343,0.7883471089416528,0.5199461389339821,1
p344,0.5314293552519664,-0.38663151381083616,2
p345,-0.865165252061536,0.42876913665225963,1
p346,-0.7363378783742772,0.6481298988026497,1
p347,0.07999668000561919,0.10799486697070998,2
p348,-0.5195768518061363,0.9248845710549665,1
p349,0.6102568182866176,-0.4794248885139202,2
p350,-0.9663586822516352,0.22988805349335273,1
p351,-0.6860727159653922,0.7243535091701594,1
p352,1.5391114914402133,-0.46784893495062596,2
p353,-0.31464483810747074,0.9504794765109857,1
p354,0.4019946824195364,-0.2126448505091866,2
p355,0.6709299172375839,0.667733688046411,1
p356,-1.0900192529854116,0.044736264609060855,1
p357,0.9303685665073825,-0.4306476736503893,2
p358,0.4302056547935734,0.9913581419701621,1
p359,0.49732513968241393,-0.3601551313773263,2
p360,-0.5511394905850506,0.8591080939011736,1
p361,0.03774362864141562,0.4463598580020444,2
p362,-0.6533535512889523,0.7941628085212183,1
p363,0.9836686094196591,0.262434669927994,1
p364,-0.007923592744233016,0.3190765313535295,2
p365,0.005579630790120141,0.9810389708132472,1
p366,-0.9491653702733722,0.25731241234915025,1
p367,0.42263468186934877,0.9800231398912108,1
p368,-0.17175631273377104,0.9762027210477242,1
p369,1.2034760181250017,-0.434558251021216,2
p370,-0.3996355864309279,0.9855439498598327,1
p371,0.7581159330784191,-0.5131769282453432,2
p372,0.5811814846291713,-0.3738374150188969,2
p373,1.1031502069413601,-0.45208913840373294,2
p374,-0.6270397304776748,0.8472093277166101,1
p375,1.7127710787733832,-0.18885134518322552,2
p376,0.12505514931823358,0.09413799854834393,2
p377,-0.8784591348971031,0.3335248899747677,1
p378,-0.9014245596786121,0.46425864055872923,1
p379,-0.14345806457794558,0.9722789380935357,1
p380,-0.07095254383152863,0.23735383756014974,2
p381,0.8076208202136034,-0.47758927021529773,2
p382,0.9969683927895483,-0.007148277294343489,1
p383,-0.19907524672866028,0.9106751957666006,1
p384,-0.4081848477276645,0.8977228087369719,1
p385,-1.0529416162121241,0.14994644739398316,1
p386,0.028360735260470428,0.3264491051238473,2
p387,0.4917680950580121,0.8019285965834033,1
p388,0.8279474541092042,0.4700971766970976,1
p389,0.5515080858907684,-0.464620658308751,2
p390,0.43711028534471263,0.9519718280743609,1
p391,0.05416648134495873,1.0607908969467128,1
p392,0.29860869232069925,-0.1957294472592261,2
p393,2.0012392725637937,0.2930383519783794,2
p394,0.8221301788999287,0.5953261879853508,1
p395,0.9352306476944712,-0.04608066515272803,1
p396,0.9963952764873211,-0.4630846260716442,2
p397,0.3231857424362525,-0.3305123658182184,2
p398,0.8045391026585534,-0.44496142380027287,2
p399,-0.8524862926145748,0.5640076658729926,1
p400,1.531108192167085,-0.29172287136036557,2
p401,1.028885990438302,0.2466884299021935,1
p402,0.5371598885313111,0.8105212275960921,1
p403,1.612309622563929,-0.4560407664752974,2
p404,1.8484621171453142,-0.019752001406248387,2
p405,-0.2386506840083748,0.9763285269984112,1
p406,-0.8969114647069889,0.3504907444763869,1
p407,0.03454723211092846,0.10819928996114231,2
p408,0.6922486328935433,0.6388757596051052,1
p409,1.0965505878555808,0.22185448932255958,1
p410,-0.5293411008526612,0.7655396337719759,1
p411,0.05167926170021444,0.09659578015699367,2
p412,1.9341876407231589,-0.0727684982019016,2
p413,0.11240279238660408,0.09559385077158952,2
p414,-0.9402241384168978,0.3176628087461017,1
p415,-0.10139303341502515,0.9673856018975275,1
p416,0.28105868991274885,-0.24295489942912257,2
p417,0.18307626689140502,-0.06255994186590148,2
p418,0.27971501207648164,-0.2607046647404559,2
p419,-0.8251705859007884,0.6157831423608692,1
p420,0.9657811687364255,0.12316489090010355,1
p421,0.8785069777390062,-0.47665947090717126,2
p422,0.19220619281222306,-0.02788197607056337,2
p423,0.3069956834152381,-0.08063361591910849,2
p424,0.6066177089855548,-0.45550528302603877,2
p425,0.6394672975650242,0.8141883667223282,1
p426,-0.283197466235292,0.9638631064708234,1
p427,1.6031093139836208,-0.40604815515826076,2
p428,0.7204277676611183,0.6225933252754446,1
p429,0.8105014111910503,0.6170119092995635,1
p430,1.0125903245527468,0.21727125201047826,1
p431,1.7128576680029794,-0.14914492189420167,2
p432,0.05487891602333763,0.040752879310883464,2
p433,0.7480350791409252,-0.4282292587943792,2
p434,0.5846508050221493,-0.4281930376630004,2
p435,0.28248364945468923,0.9325117430944974,1
p436,1.9503967559177753,0.4189308065855934,2
p437,0.6460685319317243,0.7750647500611707,1
p438,0.3194177239560424,-0.2037248124525166,2
p439,1.7762041776882067,-0.016990534435567466,2
p440,0.948989634834664,0.1273035770363205,1
p441,0.32318998319089287,-0.19905028853809897,2
p442,0.25039253817096985,-0.1019805689187206,2
p443,-0.9757425174267259,0.17188232620867522,1
p444,-0.7608134008331069,0.5419967762561434,1
p445,1.2215846999862179,-0.5703084384035226,2
p446,1.0699442795414391,-0.46426497040157955,2
p447,1.7061600033152224,-0.19392070048313056,2
p448,-0.8348077847097443,0.5209639144932379,1
p449,0.20750228055314496,-0.1989661838652479,2
p450,0.3556077078727827,0.9994150652510034,1
p451,0.4446461262396925,0.9598836984590956,1
p452,1.7265236323114224,-0.3203813171994414,2
p453,0.059206571964841255,0.022953606023205432,2
p454,1.9680283537861896,0.3352121637558734,2
p455,0.8291364969302676,0.3642504433406721,1
p456,1.4557200974796627,-0.38647464410532933,2
p457,1.2971776541436542,-0.44413781152249304,2
p458,0.2046657049151394,1.0549101747733742,1
p459,1.0252483983224772,0.35297562553803374,1
p460,0.9037069971584568,0.40205386363803347,1
p461,-0.515696369531086,0.9143694182560058,1
p462,1.5836061512575765,-0.2772707459008459,2
p463,-0.9706369780018436,-0.05263283926088047,1
p464,0.6244004585887784,-0.3770131016027819,2
p465,-1.0051596530147513,0.19128809082797718,1
p466,0.8619490060577565,0.42160440119177417,1
p467,0.1506483961957755,0.980628710004816,1
p468,0.4735805598903121,0.8904938318415003,1
p469,0.9250179432781022,0.41290906896644736,1
p470,-0.929388339688299,0.18567186735819566,1
p471,0.225142709607349,-0.23470259897437978,2
p472,1.857967600216201,0.11227789772792071,2
p473,0.9616608875663515,0.3134324984529583,1
p474,-0.9312181343060758,0.36880575839759766,1
p475,1.201934133389523,-0.4922025082183627,2
p476,0.6876765407154569,0.8395612212436402,1
p477,0.1862600421466992,0.917421106886358,1
p478,1.0247046916478937,-0.4380195273084073,2
p479,0.054678015590244045,0.01548178338654739,2
p480,0.45245570937823404,0.9187944221194676,1
p481,1.538427516929798,-0.33281134499267895,2
p482,0.9237678077694125,-0.5290574492035999,2
p483,1.837014519667489,-0.22946904921560363,2
p484,0.2757342433738356,-0.27509102337463465,2
p485,0.999184500426985,-0.57692554098361,2
p486,2.043516290185674,0.37670512697666375,2
p487,0.49381292029336044,0.8867619697327185,1
p488,1.3803241986988466,-0.4455630062842219,2
p489,1.9966961603491853,0.3815457538009861,2
p490,0.5429396964567889,-0.37221945890509217,2
p491,0.46278759573730893,-0.4518775171894674,2
p492,0.3508531190866346,0.9135613878431657,1
p493,0.2073857306244846,0.0030331994137192675,2
p494,0.03445972264616266,0.15423981909381623,2
p495,1.4162670821412364,-0.4612467373124042,2
p496,-0.7644292263219434,0.6209725778065498,1
p497,0.13043340017406174,0.042855077308068236,2
p498,-0.7866406961323822,0.6772594155670736,1
p499,-0.6472367764597698,0.8444321503330748,1
p500,1.9400580996413872,0.20706835158738868,2
p501,1.411618095046326,-0.3843519110852322,2
p502,-0.16051842743413508,0.9935504920779494,1
p503,2.0099843225444527,0.2850592402277379,2
p504,1.8626409165935958,0.023676603957572574,2
p505,0.5831888959419769,-0.42889243965934454,2
p506,0.14985028594347358,0.1778104409229946,2
p507,0.005546733246604783,0.9356505050823178,1
p508,1.9688446296191568,0.3609493186153727,2
p509,1.3820346587846117,-0.4621308191494847,2
p510,0.17065600572590112,-0.06272926688795344,2
p511,0.5709061981888864,0.8218040256180382,1
p512,0.6301430642744685,-0.331322824255029,2
p513,0.2252697927981453,-0.11380522078602351,2
p514,-0.6511403213185556,0.7214150956660443,1
p515,-0.04480702119136226,0.947375290477152,1
p516,1.5237241212960422,-0.40927659225032187,2
p517,0.8716674371103373,0.6559866215891923,1
p518,0.5793015989295804,0.7772268497862077,1
p519,0.45853896948906125,0.9418466180235912,1
p520,-0.8891704633920607,0.4409877741094495,1
p521,0.9859373969521912,0.17688546910729722,1
p522,0.202785825284839,-0.05817297971842596,2
p523,0.06710158656792671,0.9223615545687915,1
p524,0.7791176162775677,0.5948295586572113,1
p525,0.7151186274896857,0.6852100424474432,1
p526,1.034185229639693,-0.5401462791276644,2
p527,1.0544653295331325,0.0457416564843405,1
p528,-0.9822108911580695,0.14935869770943264,1
p529,0.08107694048214066,1.0135405050292572,1
p530,-0.23097588230006177,0.9804645442232677,1
p531,0.7313013371790394,0.4865284775850887,1
p532,-0.08747376727266029,1.006384650923671,1
p533,0.173153338132607,0.9211519386638986,1
p534,-0.8693761497168846,0.22390525726840022,1
p535,0.16333046963736578,-0.001244364000443282,2
p536,-0.21940828080935418,1.0035914312130039,1
p537,1.535805764614979,-0.2960821710575203,2
p538,0.4960453650295116,0.8343324194391284,1
p539,1.1311035519011507,-0.44325393849750316,2
p540,1.7936252305160454,-0.09993314033530822,2
p541,-0.986902987333162,0.16806300094664633,1
p542,-0.20186028632546849,0.9648711533660559,1
p543,1.3933338287737018,-0.5067775409247917,2
p544,0.5218471104258295,-0.3867447529199222,2
p545,0.7008174664870117,-0.49786967837914453,2
p546,0.21068667197697374,0.01644042235152275,2
p547,1.8427983203795564,0.024965665748933105,2
p548,0.9778706632164453,-0.5709228846652834,2
p549,1.2166756599426978,-0.5301515162577182,2
p550,-0.5219705233695113,0.9601234094462385,1
p551,-0.9819078859031559,0.29607690361322336,1
p552,0.05801967058968145,0.3293949100143886,2
p553,0.010214799547015527,0.9102227150480474,1
p554,2.0002217824265505,0.4022846270740062,2
p555,1.073251913726773,0.10858005632906008,1
p556,-0.3639213884167387,0.8966605260225866,1
p557,-0.6369937260603721,0.7520132495801395,1
p558,-0.06969787853303584,1.1046527018601746,1
p559,0.9454140009600841,0.32353951706926737,1
p560,-0.8280937304548444,0.5774938137774878,1
p561,-0.02167412584079141,0.2968681550835223,2
p562,1.4344016935460486,-0.46174021008772137,2
p563,0.8603689726901076,0.6472615680207706,1
p564,0.8843408405725304,0.4982567683680642,1
p565,1.994611563454009,0.4248046303040827,2
p566,-1.0237255026801726,0.20140476853792205,1
p567,0.37735624319657646,0.9694323088575117,1
p568,0.083553688430255,0.9819401304142299,1
p569,-0.008059758218078774,0.3219255996166478,2
p570,0.8035296009523413,-0.5214650137999709,2
p571,0.4449169229410307,0.8826829522907584,1
p572,1.98980263040244,0.208756853696741,2
p573,0.15827777058029247,-0.07040936071556357,2
p574,-0.8209334628071299,0.6236491245086886,1
p575,-1.02146462554087,0.03366038728828054,1
p576,-1.0085016024559323,0.3475755696566098,1
p577,-0.024094313041489714,0.25011931647817426,2
p578,1.3799581315293492,-0.3714500936314608,2
p579,0.894739987015542,0.38695732906431923,1
p580,0.06920979333601263,0.2573708299220783,2
p581,0.5978042696696626,0.8767552488695557,1
p582,0.7087031000493649,-0.5228395162773949,2
p583,1.8230411525323926,0.03482893606781223,2
p584,1.8853952866360104,0.08407819179507886,2
p585,1.882650986457884,0.28859808585750757,2
p586,1.2222818159932964,-0.4476580045889992,2
p587,-1.0368454484484284,0.05272526425005579,1
p588,0.09861231244237557,1.0343801574418272,1
p589,1.9345200430885043,0.23135422204897196,2
p590,-0.011424619404430958,0.16582469198299743,2
p591,0.875666526484186,0.17403921124273586,1
p592,-0.9399202938627631,0.33957629204922196,1
p593,0.9307186460309015,0.37665010134310806,1
p594,0.7601076585671147,-0.44987627529688756,2
p595,0.20622773291158933,-0.15303493259526552,2
p596,0.5967507615098008,0.7446508421522268,1
p597,0.11086264307067858,1.032236391192864,1
p598,0.7267760633244826,0.5851556287114962,1
p599,0.01783840770785311,0.3628971526436837,2
p600,0.6847311823944465,0.8006385254084842,1
p601,0.5665714942367098,0.7351141126703388,1
p602,0.2894271355809246,-0.09555948763225161,2
p603,-0.7088012207188501,0.7878620144647666,1
p604,-0.3255589270886952,1.0020004625536076,1
p605,1.8076618323219835,0.032023978310520805,2
p606,0.8246070522488594,-0.4367929163894436,2
p607,-0.2956850329873897,1.0110299014499566,1
p608,0.9399998687881901,0.42181259231791557,1
p609,0.0865555682914912,0.27516063333481117,2
p610,0.12716572641492935,-0.08821304411361322,2
p611,0.3617496716852398,-0.3695210619883135,2
p612,0.5922286455112942,0.7283083483458402,1
p613,0.15847720777550445,0.9895674521867326,1
p614,-0.38236831889190287,0.9190365549850085,1
p615,0.559242662490776,0.8698682479110044,1
p616,0.48420847576841153,-0.3839087504419366,2
p617,0.1289654845563808,0.0866811283577208,2
p618,0.05878359718244776,1.0487216044092256,1
p619,-0.8245130123220488,0.6813284411585087,1
p620,-0.8789603844775101,0.4204792092374095,1
p621,1.862010724125646,-0.08496235353919634,2
p622,0.6258765011073939,0.7631500373929653,1
p623,-0.8134303518974286,0.558225875208688,1
p624,0.6379365934890651,0.774495032164808,1
p625,0.8578611434221141,0.5001632501506138,1
p626,0.4045370983894726,-0.4058710346058929,2
p627,1.110095519755061,-0.4442119637078864,2
p628,0.5856838502921496,-0.5260993147111647,2
p629,1.948090367900512,0.391296318104701,2
p630,-0.46480160232518797,0.9000411354078477,1
p631,0.3839702694799034,-0.23480827774574628,2
p632,-0.3790240719536418,0.8604316343264463,1
p633,1.6293510517544214,-0.27474137032873147,2
p634,0.6338407402784125,0.7992709341949533,1
p635,-0.080843141655609,0.9912050173111405,1
p636,-0.9101189278373575,0.42644359306914326,1
p637,1.5006650438877107,-0.37551227984285024,2
p638,0.13085509751057062,1.0023590108107387,1
p639,1.916530253371706,0.10598994573557013,2
p640,-0.9802421792418,0.31061147814886764,1
p641,0.483623198389254,-0.3479610760961119,2
p642,0.7958231816570775,0.49087010462473607,1
p643,1.8696477480401243,-0.05780904337698525,2
p644,1.0041684928281664,-0.38637512549362396,2
p645,2.0540509116428236,0.20975525528356134,2
p646,-0.13414919860290125,0.9855185757020892,1
p647,0.19397227005503312,0.9051447408972733,1
p648,0.3381524230284392,-0.19912046484021365,2
p649,0.760102991707978,0.6487883475244671,1
p650,0.8939271812056682,0.31514201365775424,1
p651,-0.6872664572060105,0.7555821838930517,1
p652,-0.48664065962176406,0.8525458716956237,1
p653,1.0040544290524407,0.036440455361414284,1
p654,1.0457790075665374,-0.4748019193725461,2
p655,1.8109362751660814,0.13731290878138264,2
p656,1.8017264441457619,0.047355779949588506,2
p657,0.8873954348444247,0.36384318024087664,1
p658,1.0283729858902104,0.08699251265082494,1
p659,0.17049502086815224,0.9354925563877947,1
p660,1.056269874756832,0.1429943168306223,1
p661,-0.46182851791862883,0.9664351787511442,1
p662,1.6658462654175785,-0.08076617942055832,2
p663,-0.8463367708493774,0.6173049696720726,1
p664,1.1480789854763283,-0.5857158154227664,2
p665,0.9374105274912938,0.32363843911363005,1
p666,0.37852001428809373,-0.3225919707692717,2
p667,1.6440000773623598,-0.18384573748858687,2
p668,0.09486153924558159,1.0265057584494446,1
p669,1.2444594619980438,-0.43945488083855555,2
p670,1.5934384386097509,-0.3025302982840061,2
p671,1.7270174850507687,-0.17733544159555706,2
p672,0.33216481476556625,0.9458971645532164,1
p673,-0.737246680074744,0.7116424414419357,1
p674,-1.049158961333639,0.07995028705002573,1
p675,0.11231948635458977,0.17916395218028555,2
p676,0.7946866428417172,-0.5761732558606524,2
p677,0.9927927207260341,0.17992728900940447,1
p678,0.07711367938656492,0.20979139560935933,2
p679,0.31590437423967244,0.9218541260750664,1
p680,1.2555545248749436,-0.4795738055504116,2
p681,1.6681241517329601,-0.19048465322956312,2
p682,-0.8697484893318778,0.368986741966923,1
p683,0.7558545095745668,0.5396119197045257,1
p684,1.9668863728508643,0.2758226310883386,2
p685,0.4954049842021683,0.728326205939207,1
p686,1.8986289423544804,0.06130539210623836,2
p687,-0.8336009592836039,0.625072564946541,1
p688,1.0807358687145445,-0.48417626380133333,2
p689,-0.5583904298386495,0.8091500378119089,1
p690,0.826492723312026,-0.46551127338577725,2
p691,0.3655451679545408,0.9878697937741637,1
p692,-0.1625683568146008,0.9680132421164647,1
p693,1.0036861545965354,-0.5228041472987457,2
p694,0.057594136455576365,0.2165904320177435,2
p695,0.22625997461125785,0.000524564144878335,2
p696,-0.44338865798596017,0.8575022854012295,1
p697,0.7962784285105184,0.5128295677848134,1
p698,0.7805767835096661,0.5193792089014532,1
p699,1.7294805271386173,-0.12292094476855892,2
p700,-0.9392478152687546,0.28513001919572056,1
p701,-0.010144871279826658,0.3824427606322922,2
p702,1.4056221388680235,-0.3796408012372578,2
p703,0.29394935224869423,-0.20966170706329068,2
p704,1.2281731385783532,-0.44789273193556794,2
p705,-1.0563248179621096,0.16806220296186913,1
p706,-0.8333870802640638,0.6217419388313217,1
p707,0.11045781246483603,0.06885048263608183,2
p708,-0.6419040237652174,0.6572663097139071,1
p709,0.26044480786657687,-0.27426351866340387,2
p710,-0.15633252608101805,0.9741567469667215,1
p711,0.29969003402324756,0.9095229877346938,1
p712,1.3266857168161674,-0.43356386335960706,2
p713,0.788392993351715,0.6376287579852301,1
p714,1.4837236233100795,-0.3157285135855798,2
p715,0.20219954715339974,0.985558222652137,1
p716,-0.9610858932583664,0.5415554872303188,1
p717,1.720621975832753,-0.23396835292830562,2
p718,1.0004232699889997,0.2641593441480804,1
p719,1.6694652540016406,-0.35280003344498784,2
p720,0.8628658760558305,-0.5336138824097135,2
p721,0.10964306475404188,0.2466599443871698,2
p722,-0.5257060925249184,0.8808022619103395,1
p723,0.8308598103904259,0.5884649799416447,1
p724,0.09755149501069962,0.04505577491519597,2
p725,-0.01379558166421362,0.40534533326670297,2
p726,0.1649134307108221,-0.015173349359462754,2
p727,0.14868771209526083,0.9520940845306755,1
p728,0.19808666205427644,1.0330804616152107,1
p729,0.11498548168348761,0.9653596429014203,1
p730,-0.42817550646714375,0.9666773373704587,1
p731,0.268349187712804,-0.1903863125160823,2
p732,0.6806457238503805,-0.42641091643826584,2
p733,-0.9965810215139377,0.053307512623765416,1
p734,0.6361372785114295,0.6974733028816102,1
p735,-0.46109806240515744,0.8351945508106452,1
p736,0.6616892621549113,-0.38275072808260413,2
p737,-0.011308839334422408,0.9999609791413355,1
p738,0.4720692369205858,0.8078128647429994,1
p739,0.6880007907515774,-0.45951610335582993,2
p740,0.6807647230817662,0.7182626239257776,1
p741,0.8868628554302526,0.5736757140069562,1
p742,1.1249127766197942,-0.40268092616641116,2
p743,0.028351676076665496,0.3222240166653136,2
p744,1.3522217655751554,-0.41404620097925354,2
p745,0.26456858449551446,-0.061314391131477075,2
p746,1.8322738511254395,-0.14740211250414664,2
p747,-0.8827100027815316,0.4885535596426328,1
p748,0.07760246497595397,0.4716590879551449,2
p749,1.629804563956493,-0.20927301115797559,2
p750,0.9540730017152085,0.2687028449929391,1
p751,1.1077446824232906,-0.5351574067702953,2
p752,-0.599288626000642,0.7768031959737715,1
p753,-0.3772954670826948,0.9527819381110332,1
p754,1.905125468051586,0.07515954327075644,2
p755,-0.561380735795871,0.7709474537630614,1
p756,0.9425831639236191,0.4640345763325569,1
p757,0.07384423088359886,0.19518429963505968,2
p758,-0.905049638252487,0.5819044013986172,1
p759,0.5954560402819775,-0.3702956598029213,2
p760,-0.07117523077609966,1.06620594115548,1
p761,0.3834088674803458,-0.3202728053084585,2
p762,-0.9522086247233393,0.28382764743286093,1
p763,0.2903141153326324,-0.23147524841648912,2
p764,0.7989135434071026,0.6418563171516278,1
p765,-1.0194111875009317,0.19433318413729128,1
p766,1.121432517635058,-0.4603067022250609,2
p767,1.9250989614056118,0.10200924298442758,2
p768,1.9267906405242625,0.38658035758454096,2
p769,0.6501317732476316,0.8329118212392164,1
p770,1.3762501298454126,-0.4531803433954464,2
p771,-0.6860466629889652,0.7514764184249664,1
p772,0.7188933068139562,0.7281557653879234,1
p773,0.23033859240226304,-0.19272163072930804,2
p774,1.9346068002623233,0.48408226128294984,2
p775,-1.011384712993673,0.02047604301402349,1
p776,1.2740463172008132,-0.42359289284855056,2
p777,1.3144519268686037,-0.504850401806621,2
p778,0.9494365416468805,-0.50818873369187,2
p779,0.2393669700433026,-0.08466118714729262,2
p780,-0.3394011429709139,0.9089437966139937,1
p781,0.6882150093194788,-0.40366739151191744,2
p782,0.5362514394558391,0.8453621504184815,1
p783,0.04176192501156398,0.2956851934957248,2
p784,0.6542595097090793,-0.4189416369980505,2
p785,-0.7409694996232289,0.6798558976361573,1
p786,0.7022532166074701,-0.4949804141144776,2
p787,1.9739328600679804,0.3959368885233468,2
p788,0.2802742724544963,-0.25826031795939136,2
p789,0.024706291227141464,0.46332160922806864,2
p790,1.9537285487496525,0.16012117287346206,2
p791,1.0431403391804777,-0.3834087371393764,2
p792,-0.596907420633258,0.8355276317731487,1
p793,0.5464061011511983,0.9006279522959401,1
p794,0.8143533415925044,0.5679793294241691,1
p795,1.1809887557757346,-0.45206144107338886,2
p796,1.220678513886546,-0.4387519617777527,2
p797,1.098845327707632,-0.5228131771296418,2
p798,-0.8617974548164273,0.6674905961612835,1
p799,0.7507696221261104,-0.4560907932712946,2
p800,0.5044328321431758,0.8306504345617226,1
p801,-0.9713862147687554,0.01853431369398988,1
p802,0.7605525217231554,-0.4454509501036101,2
p803,-0.911758464499584,0.5746681044187254,1
p804,0.6954080731610669,-0.5149229853702241,2
p805,0.8758723616311449,0.5902403161587252,1
p806,0.7061967916952773,0.7085276008246253,1
p807,1.9876615915063927,0.3060949728823333,2
p808,0.8178003388518833,-0.5608741525890721,2
p809,0.7263873166323029,0.7156389267920797,1
p810,0.43986653824221916,-0.439856788779488,2
p811,0.7071300906800798,-0.5333357125703083,2
p812,-0.6635814496747279,0.7027250261519693,1
p813,1.1142202694689909,-0.4867685927997572,2
p814,0.9151947494015122,0.09145031173683572,1
p815,-0.17949881216373595,1.0220126362387487,1
p816,1.439981001443387,-0.3646140689250703,2
p817,0.6920626623350985,-0.36746086833656183,2
p818,1.015086732166862,-0.49657850120871627,2
p819,0.9068759534135244,0.09968687161626778,1
p820,1.9234103757658538,-0.07970894807833129,2
p821,1.0037764824720812,0.1625178926737495,1
p822,1.8901028333453764,0.40853245255840204,2
p823,0.08925141041519095,0.16732038149777495,2
p824,1.0012381643974961,-0.4711171567160427,2
p825,0.3837076842548815,-0.3416134791280217,2
p826,0.26781512742514235,0.9394639837249699,1
p827,0.04874413805779293,1.0350453729904083,1
p828,0.07844793123239818,0.5149207898362824,2
p829,1.8892737260000836,0.30270305594913016,2
p830,-0.1928789276457486,0.9296767772617784,1
p831,1.9083571846104281,0.29967199868951416,2
p832,-0.2936920648462693,1.0080327771147142,1
p833,-0.31087742859613526,0.9306861142705151,1
p834,-0.8923537779521373,0.05725908574354494,1
p835,1.9841511550507025,0.06928873356661436,2
p836,-0.07937458213481352,0.9662447764433426,1
p837,1.8835914763047235,-0.09524744887933183,2
p838,0.7431994403402185,0.7044714726653094,1
p839,0.9234485712228603,0.3706796940339607,1
p840,0.15021052616444716,0.19347754083407198,2
p841,-0.5182630884067645,0.8117835041246358,1
p842,0.5526217697408973,0.7400850854779,1
p843,0.7967667533878812,-0.5193246762171914,2
p844,1.766935419013876,-0.17728521960061977,2
p845,-0.2622611369664461,0.9461841988688464,1
p846,0.23871514159125626,-0.18026587068550606,2
p847,1.9199681034718565,0.318156151239804,2
p848,0.5370907119136569,-0.4132666241447872,2
p849,-0.6438471273217697,0.6729717193573145,1
p850,0.9030804876777013,0.2833634263461091,1
p851,-0.051745083274779904,0.9758347680552419,1
p852,-0.99699915002088,0.3928797679846493,1
p853,0.3322368578272053,-0.23446650787636203,2
p854,0.19872786553861213,0.9754981693782403,1
p855,0.3281686887498255,-0.28915875346294845,2
p856,1.0744490126525978,0.026033789972153172,1
p857,0.9528708351140469,-0.5427369215471869,2
p858,0.8334604830333198,0.46123063192381314,1
p859,1.5817578257515246,-0.2557300788984943,2
p860,-0.965500313112866,0.42035284872216033,1
p861,-0.02546977492938745,0.31421087352704974,2
p862,0.23732445319099219,0.9533924486470943,1
p863,0.9001404129982311,-0.5244553020233178,2
p864,0.2545362351436635,0.9623446862788814,1
p865,-0.34820673308855005,0.9459461835826272,1
p866,0.018257031902928766,0.4454803541651435,2
p867,1.9558108501799774,0.04168013847930785,2
p868,-1.0674240117990301,0.18541641836791045,1
p869,1.332615128883908,-0.4180508595031141,2
p870,1.950935590287858,0.2181084542301745,2
p871,0.3608626610299657,0.9689379577155697,1
p872,-0.021732016635404187,0.9399178812941088,1
p873,0.06442516321794002,0.9328089492210896,1
p874,0.0834188910193183,0.2225496845515439,2
p875,0.04148112433720877,0.358518887115065,2
p876,0.9245667758948041,0.26434949506426964,1
p877,-1.0140643707771961,0.002048615564562692,1
p878,-0.1665912128791699,0.945594236466896,1
p879,0.36796997894825634,0.831379745621287,1
p880,1.87478349561647,0.39504120562351736,2
p881,0.8843524573533512,0.49691540191528044,1
p882,-0.5535178727718638,0.8801531056027977,1
p883,0.8089860789966339,0.7232580697884501,1
p884,2.0375446141578495,0.1863704360574434,2
p885,-0.07877456368393893,0.45014936826757906,2
p886,0.005502902537964032,0.44389889906553537,2
p887,1.8146436797496175,-0.0664273692273297,2
p888,1.3372440794334648,-0.48356879844134665,2
p889,1.6090395997702929,-0.2608053095083508,2
p890,1.9210204702617388,0.4856996733258482,2
p891,1.4978339681039214,-0.25036791190578467,2
p892,0.4939869169226195,0.907965068611192,1
p893,0.03523783342317585,0.13247829299560246,2
p894,0.36472196727295925,1.010777451745115,1
p895,1.805953070708183,-0.0918686248609289,2
p896,1.5479091425486866,-0.3657885898557134,2
p897,0.6588929728196259,-0.5205357615658324,2
p898,0.8782195527016432,0.4422090084847556,1
p899,1.91468003776719,0.09593104298043695,2
p900,0.8558073223356064,0.1542302836796516,1
p901,-0.9332321314838359,0.2244923673234162,1
p902,-0.5466000471485954,0.8772209790457874,1
p903,0.4548081407393418,0.9070793931969947,1
p904,1.3688135824674634,-0.40004724313679263,2
p905,-0.892856058976899,0.5721899084616077,1
p906,1.150069020929976,-0.458958340388866,2
p907,-0.8836125823700269,0.3978687866056776,1
p908,0.43764356754547856,0.7944354408467447,1
p909,1.693163981857933,-0.30749255068094294,2
p910,0.12698414596109883,0.948101640010345,1
p911,-0.8160245211766706,0.2674438011613604,1
p912,-0.5136868536643479,0.8806306203479487,1
p913,1.04701071768846,-0.44469575574926445,2
p914,0.198637343121541,-0.042766677562207034,2
p915,-0.5837232565275403,0.7333953235458843,1
p916,0.9785677694688615,0.27917689402330303,1
p917,0.8051896909762795,0.6880566564349463,1
p918,1.9305166486436403,0.12078321254448537,2
p919,1.9588913575921345,-0.05167211375227283,2
p920,0.3237023050932383,0.9134535530621232,1
p921,-0.04793910358997899,0.46035095864565867,2
p922,-0.12793884873436454,1.0377139238461606,1
p923,-0.6070560200722595,0.7605727931285606,1
p924,1.9745491707314105,0.3527431832170762,2
p925,1.8239158131935416,-0.2325489117219521,2
p926,2.019694349410753,0.5463689733471532,2
p927,-0.9575310303416598,0.22846008467051723,1
p928,1.8652322186220645,0.03664772450947732,2
p929,0.9558075233466692,0.22139619994230653,1
p930,0.32097823115566404,-0.2786174860145084,2
p931,0.42804625156015835,-0.37847370867710545,2
p932,-0.7486060823389631,0.5911244837719004,1
p933,-0.5285886077501503,0.9139082906998833,1
p934,0.17816308354431007,-0.14971141263811968,2
p935,-0.7735287147120766,0.625498364107176,1
p936,0.9518620236013221,0.1394410450608136,1
p937,0.4427382171168754,-0.320218172454097,2
p938,2.0104515386457393,0.26166206347202264,2
p939,1.482239581135583,-0.3144855338322291,2
p940,0.3674126473651421,-0.34099043767990145,2
p941,0.7920365601422773,0.5452950515974111,1
p942,0.3901960093677079,-0.2670163855447931,2
p943,0.6111831614498885,0.7411727338619752,1
p944,1.9250614568189148,0.060859543892531176,2
p945,1.0319243310966293,0.20028570770994897,1
p946,1.8295608746889722,-0.16407374699134697,2
p947,0.1549054308503304,1.0026339598796092,1
p948,0.8833291083901962,-0.4048820935144888,2
p949,0.5520798149627272,0.8141313304032288,1
p950,-0.4101049236833763,0.9995849563764853,1
p951,0.756060164302897,0.6701264024747667,1
p952,-0.7312899482077785,0.648982548176056,1
p953,1.9381080047768127,0.046205975861660045,2
p954,0.9771330335887147,0.09911313831199095,1
p955,1.940682637671085,0.24380220600026595,2
p956,0.1389646274169873,-0.0799984838307966,2
p957,-0.6715558037309981,0.8188063346241472,1
p958,0.8448293615862207,-0.4801447696500946,2
p959,1.0189447546027686,0.1639676711923216,1
p960,0.3847862417334244,-0.22588136947074458,2
p961,-0.4718948127507893,0.9065211198328851,1
p962,-0.9845561713549102,0.2436206241315749,1
p963,-0.7359772478005139,0.7122266227165823,1
p964,0.02937622658672677,0.21785092529489522,2
p965,0.964122438471597,0.350867125084534,1
p966,1.5896852561373012,-0.2599368846594941,2
p967,0.15085968685836754,0.00229823447696087,2
p968,0.7992075233621028,0.6778620653243486,1
p969,0.26028229608744646,-0.1517337254213017,2
p970,-0.9271290693754612,0.3718345976386824,1
p971,0.16514881346166854,0.021453842333964482,2
p972,1.522045123035131,-0.37365081271305767,2
p973,1.0174644947623568,0.06605887197145471,1
p974,1.7104171656776204,-0.07241237928822777,2
p975,1.5945353353776117,-0.2547817808975369,2
p976,0.22116314421020333,0.9249077931849798,1
p977,-0.8683275648191443,0.45363287848047584,1
p978,0.8581094211975887,-0.5810211444273659,2
p979,0.45239754402387894,-0.29984875693646895,2
p980,1.0139602483731356,0.35831305133494123,1
p981,-0.9338814731157723,0.30512226878042625,1
p982,-0.06482431202435025,1.0849732856799363,1
p983,0.9780754985025294,0.07007076066450002,1
p984,-0.7637029749889304,0.7052092403641557,1
p985,-0.03866249273967723,0.3163277249171925,2
p986,-0.00958305014349,0.4849537475814319,2
p987,-0.9410412101315624,0.2548134609677882,1
p988,1.5784349436534522,-0.3068684090487624,2
p989,0.09769664562883312,0.004091879458160454,2
p990,0.9023893427459369,-0.3965125356983644,2
p991,-0.9194546457299118,0.32772793199308214,1
p992,1.9127353110776433,0.018585693735321707,2
p993,1.1843911338607185,-0.4654259046545613,2
p994,1.8513946574699962,-0.11338090475995581,2
p995,1.3930618888169275,-0.5402202628575444,2
p996,0.35639312951064367,-0.26182792844105335,2
p997,0.7563777840305655,0.5848715181679611,1
p998,0.5222882673398715,0.8957340254666776,1
p999,-0.3265345539748704,0.9771161202027024,1
p1000,1.2190676658869324,-0.4012519040240062,2